input;target;Distans;Relation;Union;FileName;numberInp;numberTarg
0;2;19.398111377062868;1;1;697_jpn_Kashiwazaki-Kariwa_2015.jpg229286392;563;566
0;2;1.6991867700796046;1;1;697_jpn_Kashiwazaki-Kariwa_2015.jpg229286392;564;567
0;2;6.998697307201437;1;1;697_jpn_Kashiwazaki-Kariwa_2015.jpg229286392;565;567
0;2;23.77347984361279;1;1;697_jpn_Kashiwazaki-Kariwa_2015.jpg229286392;571;578
0;2;25.190519399139593;1;1;697_jpn_Kashiwazaki-Kariwa_2015.jpg229286392;572;577
0;2;17.954670296826233;1;1;697_jpn_Kashiwazaki-Kariwa_2015.jpg229286392;573;575
0;2;14.919020682528156;1;1;697_jpn_Kashiwazaki-Kariwa_2015.jpg229286392;574;576
0;2;8.17551813178066;1;1;614_swe_Forsmarks_2018.jpg121579890;515;516
0;2;46.665849579023416;1;1;614_swe_Forsmarks_2018.jpg121579890;521;523
0;2;42.21854052271784;1;1;614_swe_Forsmarks_2018.jpg121579890;522;524
0;2;30.275838317872587;1;1;550_fra_Gravelines_2007.jpg89519117;456;463
0;2;29.73396538295769;1;1;550_fra_Gravelines_2007.jpg89519117;457;462
0;2;30.146175203737137;1;1;550_fra_Gravelines_2007.jpg89519117;458;462
0;2;29.05808475372713;1;1;550_fra_Gravelines_2007.jpg89519117;459;463
0;2;30.896704411382554;1;1;550_fra_Gravelines_2007.jpg89519117;460;463
0;2;30.00481827874414;1;1;550_fra_Gravelines_2007.jpg89519117;461;463
0;2;26.202032828719464;1;1;435_usa_PointBeach_2018.jpg19952935;392;394
0;2;25.335454166614483;1;1;435_usa_PointBeach_2018.jpg19952935;393;394
0;2;27.449623901977226;1;1;416_usa_NineMile_2017.jpg94457770;317;318
0;2;39.288969357919626;1;1;416_usa_NineMile_2017.jpg94457770;327;328
0;5;388.43775759630535;3;-1;416_usa_NineMile_2017.jpg94457770;317;314
0;5;694.9367080699362;3;-1;416_usa_NineMile_2017.jpg94457770;327;314
0;7;340.3127532138636;3;-1;416_usa_NineMile_2017.jpg94457770;317;321
0;7;339.59536215914375;3;-1;416_usa_NineMile_2017.jpg94457770;317;322
0;7;676.9901624100605;3;-1;416_usa_NineMile_2017.jpg94457770;327;321
0;7;678.5441547902392;3;-1;416_usa_NineMile_2017.jpg94457770;327;322
0;2;31.39958809417936;1;1;403_usa_Cooper_2015.jpg45477838;305;306
0;2;21.0;1;1;398_usa_Columbia_2015.jpg78394441;303;302
0;6;328.4577788326453;3;-1;398_usa_Columbia_2015.jpg78394441;303;295
0;6;235.35350004995178;3;-1;398_usa_Columbia_2015.jpg78394441;303;296
0;6;196.13021689210504;3;-1;398_usa_Columbia_2015.jpg78394441;303;297
0;6;256.4281452191483;3;-1;398_usa_Columbia_2015.jpg78394441;303;298
0;6;309.9982058200549;3;-1;398_usa_Columbia_2015.jpg78394441;303;299
0;6;339.5622875118326;3;-1;398_usa_Columbia_2015.jpg78394441;303;300
0;2;19.919227409485643;1;1;394_usa_Quad_Cities _2019.jpg61983379;281;280
0;2;4.90036266721579;1;1;356_usa_browns_2020.jpg82927504;237;238
0;7;708.5229989209948;3;-1;356_usa_browns_2020.jpg82927504;237;228
0;7;722.961001714477;3;-1;356_usa_browns_2020.jpg82927504;237;229
0;7;606.6484731704185;3;-1;356_usa_browns_2020.jpg82927504;237;230
0;7;497.45544524107885;3;-1;356_usa_browns_2020.jpg82927504;237;231
0;7;447.8375821656776;3;-1;356_usa_browns_2020.jpg82927504;237;232
0;7;233.11156127485398;3;-1;356_usa_browns_2020.jpg82927504;237;233
0;7;284.3991871413103;3;-1;356_usa_browns_2020.jpg82927504;237;234
0;7;65.75940824635369;3;-1;356_usa_browns_2020.jpg82927504;237;240
0;2;0.8915290981345643;1;1;266_nld_Borssele_2018.jpg103292746;189;190
0;2;23.341579162332064;1;1;170_can_Gentilly_2017.jpg17587488;150;154
0;2;16.4893894170874;1;1;170_can_Gentilly_2017.jpg17587488;151;153
0;2;4.702122347481835;1;1;111_deu_Isar_2014.jpg57896445;96;97
0;6;244.1962735933928;3;-1;111_deu_Isar_2014.jpg57896445;96;83
0;7;128.02382590752396;3;-1;111_deu_Isar_2014.jpg57896445;96;90
0;7;75.45289921533832;3;-1;111_deu_Isar_2014.jpg57896445;96;91
0;7;123.21038917234212;3;-1;111_deu_Isar_2014.jpg57896445;96;92
0;7;235.219216902021;3;-1;111_deu_Isar_2014.jpg57896445;96;93
0;2;8.997604219680566;1;1;078_hun_Paksi_2020.jpg69212807;48;47
0;2;5.76037791598187;1;1;078_hun_Paksi_2020.jpg69212807;49;47
0;2;48.300000000000004;1;1;076_gbr_Torness_2009.jpg36978288;42;43
0;2;29.4476702453758;1;1;072_gbr_Heysham_2018.jpg201846667;31;32
0;2;8.788451749273117;1;1;072_gbr_Heysham_2018.jpg201846667;33;34
0;2;0.38090955301101714;1;1;070_gbr_Hartlepool_2020.jpg35481516;22;25
0;2;2.484465948440498;1;1;070_gbr_Hartlepool_2020.jpg35481516;27;26
0;2;41.0915743266494;1;1;058_gbr_Dungeness_2019.jpg97701847;8;9
0;2;64.59553949171747;1;1;058_gbr_Dungeness_2019.jpg97701847;10;12
0;2;63.8300594144964;1;1;058_gbr_Dungeness_2019.jpg97701847;11;12
1;2;22.563681221444913;1;1;691_jpn_Takahama_2021.jpg146374067;549;553
1;2;54.831310543262525;1;1;691_jpn_Takahama_2021.jpg146374067;550;554
1;2;52.182424698530376;1;1;691_jpn_Takahama_2021.jpg146374067;551;554
1;2;20.159950326348806;1;1;691_jpn_Takahama_2021.jpg146374067;552;553
1;2;31.69557643798625;1;1;687_jpn_Monju _2021.jpg46297417;542;544
1;2;31.844646602340738;1;1;647_zaf_Koeberg_2021.jpg36619852;536;538
1;2;32.89413743869156;1;1;647_zaf_Koeberg_2021.jpg36619852;537;538
1;2;43.99525707387673;1;1;576_fra_Saint-Alban_2012.jpg45613117;506;511
1;2;40.848274038245506;1;1;576_fra_Saint-Alban_2012.jpg45613117;507;510
1;2;25.66510515430542;1;1;569_fra_Cruas_2010.jpg52168623;490;496
1;2;22.82878550817783;1;1;569_fra_Cruas_2010.jpg52168623;491;494
1;2;23.294042849239542;1;1;569_fra_Cruas_2010.jpg52168623;492;497
1;2;23.492406231624138;1;1;569_fra_Cruas_2010.jpg52168623;493;495
1;2;35.90378917265597;1;1;565_fra_Paluel_2003.jpg32646570;470;477
1;2;34.27698228575019;1;1;565_fra_Paluel_2003.jpg32646570;471;474
1;2;39.08308477353875;1;1;565_fra_Paluel_2003.jpg32646570;472;475
1;2;34.87752375259591;1;1;565_fra_Paluel_2003.jpg32646570;473;476
1;2;0.0;1;1;515_fin_Loviisan_2020.jpg55759487;454;452
1;2;0.0;1;1;515_fin_Loviisan_2020.jpg55759487;455;452
1;2;9.91399274188366;1;1;498_ukr_Rovensk_2020.jpg154183102;418;432
1;2;10.281274862816884;1;1;498_ukr_Rovensk_2020.jpg154183102;419;431
1;2;12.669301199353846;1;1;488_twn_Maanshan_2020.jpg67030875;404;408
1;2;12.280985861488466;1;1;488_twn_Maanshan_2020.jpg67030875;405;409
1;2;41.470325250026306;1;1;448_usa_Surry_2021.jpg83950626;398;400
1;2;41.14712527759901;1;1;448_usa_Surry_2021.jpg83950626;399;400
1;2;11.801865115820474;1;1;425_usa_PaloVerde_2018.jpg253573711;340;389
1;2;10.85061374209625;1;1;425_usa_PaloVerde_2018.jpg253573711;341;387
1;2;15.68376388387224;1;1;425_usa_PaloVerde_2018.jpg253573711;342;388
1;2;0.0;1;1;416_usa_NineMile_2017.jpg94457770;313;319
1;2;15.606995954699096;1;1;397_usa_Clinton_219.jpg88645665;286;288
1;2;30.028082192340374;1;1;389_usa_Calvert_2022.jpg56769028;274;276
1;2;29.883510243651802;1;1;389_usa_Calvert_2022.jpg56769028;275;276
1;2;11.460407209777614;1;1;383_usa_Devis_2015.jpg42786637;266;268
1;2;35.584634801689354;1;1;376_usa_vogtle_2019.jpg38089928;250;258
1;2;29.311719628847484;1;1;376_usa_vogtle_2019.jpg38089928;251;258
1;2;17.265571327267796;1;1;352_usa_biver_2017.jpg19782364;218;223
1;2;28.983599793009887;1;1;352_usa_biver_2017.jpg19782364;219;224
1;2;22.301592274310728;1;1;350_usa_byron_2022.jpg18192680;202;209
1;2;20.991040056290476;1;1;350_usa_byron_2022.jpg18192680;203;209
1;2;7.7059387101507575;1;1;348_usa_arcan_2014.jpg23144917;196;198
1;2;7.057701494815638;1;1;348_usa_arcan_2014.jpg23144917;197;198
1;2;21.828110966400626;1;1;266_nld_Borssele_2018.jpg103292746;188;191
1;2;38.04089981984313;1;1;200_chn_Lingao_2022_NOT_NORTH.jpg81652247;166;175
1;2;41.748731886421666;1;1;200_chn_Lingao_2022_NOT_NORTH.jpg81652247;167;171
1;2;41.705804481288276;1;1;200_chn_Lingao_2022_NOT_NORTH.jpg81652247;168;172
1;2;36.59300000000001;1;1;200_chn_Lingao_2022_NOT_NORTH.jpg81652247;169;174
1;2;19.722233747196785;1;1;196_chn_Qinshan-2_2018.jpg30011199;160;163
1;2;22.843096997378712;1;1;196_chn_Qinshan-2_2018.jpg30011199;161;164
1;2;17.414108697480543;1;1;165_ita_EnricoFermi_2021.jpg16339521;148;146
1;2;19.200206995987376;1;1;161_esp_Cofrentes_2019.jpg103003003;139;142
1;2;35.877987442853396;1;1;126_ind_radjastan_2017.jpg84240605;107;123
1;2;33.73565262990945;1;1;126_ind_radjastan_2017.jpg84240605;109;117
1;2;35.06845402375031;1;1;126_ind_radjastan_2017.jpg84240605;110;118
1;2;36.511900138815015;1;1;126_ind_radjastan_2017.jpg84240605;111;124
1;2;15.781567114783707;1;1;121_deu_Emsland_2022.jpg44887123;100;102
1;2;15.40007225379546;1;1;111_deu_Isar_2014.jpg57896445;84;86
1;2;26.066101160874435;1;1;090_deu_Obrigheim_2022.jpg19128591;76;78
1;2;16.06201365910609;1;1;086_deu_Gundremmingen_2009.jpg69908841;63;66
1;2;17.142645178206035;1;1;086_deu_Gundremmingen_2009.jpg69908841;64;67
1;2;2.47852700466106;1;1;086_deu_Gundremmingen_2009.jpg69908841;69;70
1;2;39.75407647135754;1;1;004_arg_Embalse_2021.jpg16904073;0;1
2;4;163.00822308155762;3;-1;697_jpn_Kashiwazaki-Kariwa_2015.jpg229286392;566;560
2;4;165.3998755235156;3;-1;697_jpn_Kashiwazaki-Kariwa_2015.jpg229286392;567;562
2;4;285.3976021200888;3;-1;697_jpn_Kashiwazaki-Kariwa_2015.jpg229286392;575;585
2;4;268.38779110554526;3;-1;697_jpn_Kashiwazaki-Kariwa_2015.jpg229286392;576;584
2;4;201.46575825861314;3;-1;697_jpn_Kashiwazaki-Kariwa_2015.jpg229286392;577;587
2;4;218.0725796609927;3;-1;697_jpn_Kashiwazaki-Kariwa_2015.jpg229286392;578;587
2;0;19.398111377062868;2;1;697_jpn_Kashiwazaki-Kariwa_2015.jpg229286392;566;563
2;0;1.6991867700796046;2;1;697_jpn_Kashiwazaki-Kariwa_2015.jpg229286392;567;564
2;0;17.954670296826233;2;1;697_jpn_Kashiwazaki-Kariwa_2015.jpg229286392;575;573
2;0;14.919020682528156;2;1;697_jpn_Kashiwazaki-Kariwa_2015.jpg229286392;576;574
2;0;25.190519399139593;2;1;697_jpn_Kashiwazaki-Kariwa_2015.jpg229286392;577;572
2;0;23.77347984361279;2;1;697_jpn_Kashiwazaki-Kariwa_2015.jpg229286392;578;571
2;1;20.159950326348806;2;1;691_jpn_Takahama_2021.jpg146374067;553;552
2;1;52.182424698530376;2;1;691_jpn_Takahama_2021.jpg146374067;554;551
2;4;47.39489326581969;3;-1;691_jpn_Takahama_2021.jpg146374067;553;559
2;4;58.82456969668372;3;-1;691_jpn_Takahama_2021.jpg146374067;554;558
2;1;31.69557643798625;2;1;687_jpn_Monju _2021.jpg46297417;544;542
2;4;208.8165702237253;3;-1;687_jpn_Monju _2021.jpg46297417;544;543
2;1;31.844646602340738;2;1;647_zaf_Koeberg_2021.jpg36619852;538;536
2;4;210.70208125322574;3;-1;647_zaf_Koeberg_2021.jpg36619852;538;539
2;4;94.85620696612321;3;-1;614_swe_Forsmarks_2018.jpg121579890;516;517
2;4;98.6927048975759;3;-1;614_swe_Forsmarks_2018.jpg121579890;523;525
2;4;100.96083399021623;3;-1;614_swe_Forsmarks_2018.jpg121579890;524;525
2;0;8.17551813178066;2;1;614_swe_Forsmarks_2018.jpg121579890;516;515
2;0;46.665849579023416;2;1;614_swe_Forsmarks_2018.jpg121579890;523;521
2;0;42.21854052271784;2;1;614_swe_Forsmarks_2018.jpg121579890;524;522
2;1;40.848274038245506;2;1;576_fra_Saint-Alban_2012.jpg45613117;510;507
2;1;43.99525707387673;2;1;576_fra_Saint-Alban_2012.jpg45613117;511;506
2;4;242.20647093790464;3;-1;576_fra_Saint-Alban_2012.jpg45613117;510;509
2;4;246.2017262327785;3;-1;576_fra_Saint-Alban_2012.jpg45613117;511;509
2;1;22.82878550817783;2;1;569_fra_Cruas_2010.jpg52168623;494;491
2;1;23.492406231624138;2;1;569_fra_Cruas_2010.jpg52168623;495;493
2;1;25.66510515430542;2;1;569_fra_Cruas_2010.jpg52168623;496;490
2;1;23.294042849239542;2;1;569_fra_Cruas_2010.jpg52168623;497;492
2;4;130.951493349451;3;-1;569_fra_Cruas_2010.jpg52168623;494;499
2;4;130.20283746154183;3;-1;569_fra_Cruas_2010.jpg52168623;495;498
2;4;130.21708797235485;3;-1;569_fra_Cruas_2010.jpg52168623;496;498
2;4;127.93029332965665;3;-1;569_fra_Cruas_2010.jpg52168623;497;499
2;1;34.27698228575019;2;1;565_fra_Paluel_2003.jpg32646570;474;471
2;1;39.08308477353875;2;1;565_fra_Paluel_2003.jpg32646570;475;472
2;1;34.87752375259591;2;1;565_fra_Paluel_2003.jpg32646570;476;473
2;1;35.90378917265597;2;1;565_fra_Paluel_2003.jpg32646570;477;470
2;4;73.34482470069166;3;-1;565_fra_Paluel_2003.jpg32646570;474;478
2;4;162.1695590202155;3;-1;565_fra_Paluel_2003.jpg32646570;475;478
2;4;290.51858804558447;3;-1;565_fra_Paluel_2003.jpg32646570;476;478
2;4;444.26628276293945;3;-1;565_fra_Paluel_2003.jpg32646570;477;478
2;4;133.31858857802482;3;-1;550_fra_Gravelines_2007.jpg89519117;462;464
2;4;134.75146461342464;3;-1;550_fra_Gravelines_2007.jpg89519117;463;466
2;0;29.73396538295769;2;1;550_fra_Gravelines_2007.jpg89519117;462;457
2;0;29.05808475372713;2;1;550_fra_Gravelines_2007.jpg89519117;463;459
2;1;0.0;2;1;515_fin_Loviisan_2020.jpg55759487;452;454
2;1;10.281274862816884;2;1;498_ukr_Rovensk_2020.jpg154183102;431;419
2;1;9.91399274188366;2;1;498_ukr_Rovensk_2020.jpg154183102;432;418
2;1;295.820183604703;2;1;498_ukr_Rovensk_2020.jpg154183102;433;419
2;1;255.00146354238734;2;1;498_ukr_Rovensk_2020.jpg154183102;434;419
2;4;46.790199354108445;3;-1;498_ukr_Rovensk_2020.jpg154183102;431;441
2;4;57.11127625602443;3;-1;498_ukr_Rovensk_2020.jpg154183102;432;440
2;4;130.0678690463963;3;-1;498_ukr_Rovensk_2020.jpg154183102;433;442
2;4;79.05888299026337;3;-1;498_ukr_Rovensk_2020.jpg154183102;434;442
2;1;12.669301199353846;2;1;488_twn_Maanshan_2020.jpg67030875;408;404
2;1;12.280985861488466;2;1;488_twn_Maanshan_2020.jpg67030875;409;405
2;4;218.9087709526505;3;-1;488_twn_Maanshan_2020.jpg67030875;408;407
2;4;330.18506931719367;3;-1;488_twn_Maanshan_2020.jpg67030875;409;407
2;1;41.14712527759901;2;1;448_usa_Surry_2021.jpg83950626;400;399
2;4;44.76285756633824;3;-1;448_usa_Surry_2021.jpg83950626;400;401
2;4;29.792967528163157;3;-1;435_usa_PointBeach_2018.jpg19952935;394;396
2;0;25.335454166614483;2;1;435_usa_PointBeach_2018.jpg19952935;394;393
2;1;10.85061374209625;2;1;425_usa_PaloVerde_2018.jpg253573711;387;341
2;1;15.68376388387224;2;1;425_usa_PaloVerde_2018.jpg253573711;388;342
2;1;11.801865115820474;2;1;425_usa_PaloVerde_2018.jpg253573711;389;340
2;4;158.51422619869098;3;-1;425_usa_PaloVerde_2018.jpg253573711;387;386
2;4;161.11060654067046;3;-1;425_usa_PaloVerde_2018.jpg253573711;388;385
2;4;158.07582676834818;3;-1;425_usa_PaloVerde_2018.jpg253573711;389;384
2;1;194.75736781586318;2;1;416_usa_NineMile_2017.jpg94457770;318;313
2;1;0.0;2;1;416_usa_NineMile_2017.jpg94457770;319;313
2;1;752.6936520742901;2;1;416_usa_NineMile_2017.jpg94457770;328;313
2;4;279.3862559253766;3;-1;416_usa_NineMile_2017.jpg94457770;318;323
2;4;238.65758486347337;3;-1;416_usa_NineMile_2017.jpg94457770;319;323
2;4;873.4827130516093;3;-1;416_usa_NineMile_2017.jpg94457770;328;323
2;0;27.449623901977226;2;1;416_usa_NineMile_2017.jpg94457770;318;317
2;0;122.15453327650187;2;1;416_usa_NineMile_2017.jpg94457770;319;317
2;0;39.288969357919626;2;1;416_usa_NineMile_2017.jpg94457770;328;327
2;4;54.264788871849454;3;-1;403_usa_Cooper_2015.jpg45477838;306;304
2;0;31.39958809417936;2;1;403_usa_Cooper_2015.jpg45477838;306;305
2;4;327.12596962026726;3;-1;398_usa_Columbia_2015.jpg78394441;302;294
2;0;21.���;2;1;398_usa_Columbia_2015.jpg78394441;302;303
2;1;15.606995954699096;2;1;397_usa_Clinton_219.jpg88645665;288;286
2;4;194.2422456624717;3;-1;397_usa_Clinton_219.jpg88645665;288;287
2;4;64.85574570068268;3;-1;394_usa_Quad_Cities _2019.jpg61983379;280;283
2;0;19.919227409485643;2;1;394_usa_Quad_Cities _2019.jpg61983379;280;281
2;1;29.883510243651802;2;1;389_usa_Calvert_2022.jpg56769028;276;275
2;4;42.6510460676579;3;-1;389_usa_Calvert_2022.jpg56769028;276;277
2;1;11.460407209777614;2;1;383_usa_Devis_2015.jpg42786637;268;266
2;4;66.26489788174348;3;-1;383_usa_Devis_2015.jpg42786637;268;272
2;1;29.311719628847484;2;1;376_usa_vogtle_2019.jpg38089928;258;251
2;4;205.74918053354395;3;-1;376_usa_vogtle_2019.jpg38089928;258;262
2;4;50.85872589831562;3;-1;356_usa_browns_2020.jpg82927504;238;239
2;0;4.90036266721579;2;1;356_usa_browns_2020.jpg82927504;238;237
2;1;17.265571327267796;2;1;352_usa_biver_2017.jpg19782364;223;218
2;1;28.983599793009887;2;1;352_usa_biver_2017.jpg19782364;224;219
2;4;56.83485966448032;3;-1;352_usa_biver_2017.jpg19782364;223;226
2;4;98.24642487134075;3;-1;352_usa_biver_2017.jpg19782364;224;225
2;1;20.991040056290476;2;1;350_usa_byron_2022.jpg18192680;209;203
2;4;137.06380696600965;3;-1;350_usa_byron_2022.jpg18192680;209;211
2;1;7.057701494815638;2;1;348_usa_arcan_2014.jpg23144917;198;197
2;4;36.97110193968336;3;-1;348_usa_arcan_2014.jpg23144917;198;199
2;1;109.57514383862151;2;1;266_nld_Borssele_2018.jpg103292746;190;188
2;1;21.828110966400626;2;1;266_nld_Borssele_2018.jpg103292746;191;188
2;0;0.8915290981345643;2;1;266_nld_Borssele_2018.jpg103292746;190;189
2;0;158.99107638669145;2;1;266_nld_Borssele_2018.jpg103292746;191;189
2;1;41.748731886421666;2;1;200_chn_Lingao_2022_NOT_NORTH.jpg81652247;171;167
2;1;41.705804481288276;2;1;200_chn_Lingao_2022_NOT_NORTH.jpg81652247;172;168
2;1;36.59300000000001;2;1;200_chn_Lingao_2022_NOT_NORTH.jpg81652247;174;169
2;1;38.04089981984313;2;1;200_chn_Lingao_2022_NOT_NORTH.jpg81652247;175;166
2;4;100.47352635357812;3;-1;200_chn_Lingao_2022_NOT_NORTH.jpg81652247;171;170
2;4;99.71963080455053;3;-1;200_chn_Lingao_2022_NOT_NORTH.jpg81652247;172;170
2;4;105.76543333127862;3;-1;200_chn_Lingao_2022_NOT_NORTH.jpg81652247;174;173
2;4;104.9;3;-1;200_chn_Lingao_2022_NOT_NORTH.jpg81652247;175;173
2;1;19.722233747196785;2;1;196_chn_Qinshan-2_2018.jpg30011199;163;160
2;1;22.843096997378712;2;1;196_chn_Qinshan-2_2018.jpg30011199;164;161
2;4;87.38912540242838;3;-1;196_chn_Qinshan-2_2018.jpg30011199;163;162
2;4;226.0991154339176;3;-1;196_chn_Qinshan-2_2018.jpg30011199;164;162
2;4;154.93421184489887;3;-1;170_can_Gentilly_2017.jpg17587488;153;157
2;4;98.51314633083241;3;-1;170_can_Gentilly_2017.jpg17587488;154;157
2;0;16.4893894170874;2;1;170_can_Gentilly_2017.jpg17587488;153;151
2;0;23.341579162332064;2;1;170_can_Gentilly_2017.jpg17587488;154;150
2;1;17.414108697480543;2;1;165_ita_EnricoFermi_2021.jpg16339521;146;148
2;4;61.13157656469466;3;-1;165_ita_EnricoFermi_2021.jpg16339521;146;147
2;1;19.200206995987376;2;1;161_esp_Cofrentes_2019.jpg103003003;142;139
2;4;78.06644605718901;3;-1;161_esp_Cofrentes_2019.jpg103003003;142;143
2;1;33.73565262990945;2;1;126_ind_radjastan_2017.jpg84240605;117;109
2;1;35.06845402375031;2;1;126_ind_radjastan_2017.jpg84240605;118;110
2;1;35.877987442853396;2;1;126_ind_radjastan_2017.jpg84240605;123;107
2;1;36.511900138815015;2;1;126_ind_radjastan_2017.jpg84240605;124;111
2;4;55.49285911309065;3;-1;126_ind_radjastan_2017.jpg84240605;117;129
2;4;78.91799541296017;3;-1;126_ind_radjastan_2017.jpg84240605;118;129
2;4;115.73255653884968;3;-1;126_ind_radjastan_2017.jpg84240605;123;130
2;4;115.67729044862762;3;-1;126_ind_radjastan_2017.jpg84240605;124;130
2;1;15.781567114783707;2;1;121_deu_Emsland_2022.jpg44887123;102;100
2;4;38.218031522299526;3;-1;121_deu_Emsland_2022.jpg44887123;102;103
2;1;15.40007225379546;2;1;111_deu_Isar_2014.jpg57896445;86;84
2;1;303.4848471843562;2;1;111_deu_Isar_2014.jpg57896445;97;84
2;4;141.20978676328613;3;-1;111_deu_Isar_2014.jpg57896445;86;87
2;4;132.7871228696518;3;-1;111_deu_Isar_2014.jpg57896445;97;88
2;0;347.4112836394351;2;1;111_deu_Isar_2014.jpg57896445;86;96
2;0;4.702122347481835;2;1;111_deu_Isar_2014.jpg57896445;97;96
2;1;26.066101160874435;2;1;090_deu_Obrigheim_2022.jpg19128591;78;76
2;1;16.06201365910609;2;1;086_deu_Gundremmingen_2009.jpg69908841;66;63
2;1;17.142645178206035;2;1;086_deu_Gundremmingen_2009.jpg69908841;67;64
2;1;2.47852700466106;2;1;086_deu_Gundremmingen_2009.jpg69908841;70;69
2;4;66.9006726423584;3;-1;086_deu_Gundremmingen_2009.jpg69908841;66;74
2;4;65.10839603383128;3;-1;086_deu_Gundremmingen_2009.jpg69908841;67;74
2;4;81.02381740847828;3;-1;086_deu_Gundremmingen_2009.jpg69908841;70;68
2;4;182.05760077513932;3;-1;078_hun_Paksi_2020.jpg69212807;47;52
2;0;5.76037791598187;2;1;078_hun_Paksi_2020.jpg69212807;47;49
2;4;150.0719811509849;3;-1;076_gbr_Torness_2009.jpg36978288;43;41
2;0;48.300000000000004;2;1;076_gbr_Torness_2009.jpg36978288;43;42
2;4;359.6884346208535;3;-1;072_gbr_Heysham_2018.jpg201846667;32;28
2;4;103.90389790570902;3;-1;072_gbr_Heysham_2018.jpg201846667;34;29
2;0;29.4476702453758;2;1;072_gbr_Heysham_2018.jpg201846667;32;31
2;0;8.788451749273117;2;1;072_gbr_Heysham_2018.jpg201846667;34;33
2;4;149.7626095683621;3;-1;070_gbr_Hartlepool_2020.jpg35481516;25;21
2;4;196.75762334179979;3;-1;070_gbr_Hartlepool_2020.jpg35481516;26;21
2;0;0.38090955301101714;2;1;070_gbr_Hartlepool_2020.jpg35481516;25;22
2;0;2.484465948440498;2;1;070_gbr_Hartlepool_2020.jpg35481516;26;27
2;4;95.5054684142005;3;-1;058_gbr_Dungeness_2019.jpg97701847;9;16
2;4;280.1007140297932;3;-1;058_gbr_Dungeness_2019.jpg97701847;12;16
2;0;41.0915743266494;2;1;058_gbr_Dungeness_2019.jpg97701847;9;8
2;0;63.8300594144964;2;1;058_gbr_Dungeness_2019.jpg97701847;12;11
2;1;39.75407647135754;2;1;004_arg_Embalse_2021.jpg16904073;1;0
2;4;179.1912944313981;3;-1;004_arg_Embalse_2021.jpg16904073;1;4
4;2;163.00822308155762;3;1;697_jpn_Kashiwazaki-Kariwa_2015.jpg229286392;560;566
4;2;167.30598406987102;3;1;697_jpn_Kashiwazaki-Kariwa_2015.jpg229286392;561;567
4;2;165.3998755235156;3;1;697_jpn_Kashiwazaki-Kariwa_2015.jpg229286392;562;567
4;2;268.38779110554526;3;1;697_jpn_Kashiwazaki-Kariwa_2015.jpg229286392;584;576
4;2;217.40968239708187;3;1;697_jpn_Kashiwazaki-Kariwa_2015.jpg229286392;585;577
4;2;204.1476275552246;3;1;697_jpn_Kashiwazaki-Kariwa_2015.jpg229286392;586;577
4;2;201.46575825861314;3;1;697_jpn_Kashiwazaki-Kariwa_2015.jpg229286392;587;577
4;2;58.82456969668372;3;1;691_jpn_Takahama_2021.jpg146374067;558;554
4;2;47.39489326581969;3;1;691_jpn_Takahama_2021.jpg146374067;559;553
4;8;41.493372964848255;1;-1;691_jpn_Takahama_2021.jpg146374067;558;557
4;8;325.892313502482;1;-1;691_jpn_Takahama_2021.jpg146374067;559;557
4;2;208.8165702237253;3;1;687_jpn_Monju _2021.jpg46297417;543;544
4;8;311.57641117388846;1;-1;687_jpn_Monju _2021.jpg46297417;543;547
4;2;210.70208125322574;3;1;647_zaf_Koeberg_2021.jpg36619852;539;538
4;8;308.2392739415275;1;-1;647_zaf_Koeberg_2021.jpg36619852;539;540
4;2;94.85620696612321;3;1;614_swe_Forsmarks_2018.jpg121579890;517;516
4;2;98.6927048975759;3;1;614_swe_Forsmarks_2018.jpg121579890;525;523
4;2;242.20647093790464;3;1;576_fra_Saint-Alban_2012.jpg45613117;509;510
4;8;396.6437696472743;1;-1;576_fra_Saint-Alban_2012.jpg45613117;509;512
4;5;239.79569173441882;2;-1;569_fra_Cruas_2010.jpg52168623;498;486
4;5;310.30379697086573;2;-1;569_fra_Cruas_2010.jpg52168623;498;487
4;5;538.1451766706799;2;-1;569_fra_Cruas_2010.jpg52168623;498;488
4;5;388.27905016144547;2;-1;569_fra_Cruas_2010.jpg52168623;498;489
4;5;466.0900317414178;2;-1;569_fra_Cruas_2010.jpg52168623;499;486
4;5;455.33528818006266;2;-1;569_fra_Cruas_2010.jpg52168623;499;487
4;5;382.05557238327697;2;-1;569_fra_Cruas_2010.jpg52168623;499;488
4;5;302.36916445542516;2;-1;569_fra_Cruas_2010.jpg52168623;499;489
4;2;130.20283746154183;3;1;569_fra_Cruas_2010.jpg52168623;498;495
4;2;127.93029332965665;3;1;569_fra_Cruas_2010.jpg52168623;499;497
4;2;73.34482470069166;3;1;565_fra_Paluel_2003.jpg32646570;478;474
4;8;557.2408287277923;1;-1;565_fra_Paluel_2003.jpg32646570;478;479
4;8;184.04564474109628;1;-1;565_fra_Paluel_2003.jpg32646570;478;480
4;8;278.0941165058418;1;-1;565_fra_Paluel_2003.jpg32646570;478;481
4;8;408.8974203300543;1;-1;565_fra_Paluel_2003.jpg32646570;478;482
4;2;133.31858857802482;3;1;550_fra_Gravelines_2007.jpg89519117;464;462
4;2;134.75146461342464;3;1;550_fra_Gravelines_2007.jpg89519117;466;463
4;2;348.611603363973;3;1;550_fra_Gravelines_2007.jpg89519117;469;462
4;5;828.6933640956922;2;-1;498_ukr_Rovensk_2020.jpg154183102;435;412
4;5;53.92430972467244;2;-1;498_ukr_Rovensk_2020.jpg154183102;435;413
4;5;46.30687683666454;2;-1;498_ukr_Rovensk_2020.jpg154183102;435;414
4;5;188.58096895906064;2;-1;498_ukr_Rovensk_2020.jpg154183102;435;415
4;5;195.29105431184337;2;-1;498_ukr_Rovensk_2020.jpg154183102;435;416
4;5;570.1147552094052;2;-1;498_ukr_Rovensk_2020.jpg154183102;435;417
4;5;645.0773925214228;2;-1;498_ukr_Rovensk_2020.jpg154183102;436;412
4;5;186.5495046490592;2;-1;498_ukr_Rovensk_2020.jpg154183102;436;413
4;5;182.03496690442483;2;-1;498_ukr_Rovensk_2020.jpg154183102;436;414
4;5;46.06444452454469;2;-1;498_ukr_Rovensk_2020.jpg154183102;436;415
4;5;57.65635261044716;2;-1;498_ukr_Rovensk_2020.jpg154183102;436;416
4;5;388.41135131362466;2;-1;498_ukr_Rovensk_2020.jpg154183102;436;417
4;5;70.43740652586521;2;-1;498_ukr_Rovensk_2020.jpg154183102;439;412
4;5;746.7928128439271;2;-1;498_ukr_Rovensk_2020.jpg154183102;439;413
4;5;732.9105913568394;2;-1;498_ukr_Rovensk_2020.jpg154183102;439;414
4;5;434.4472033367289;2;-1;498_ukr_Rovensk_2020.jpg154183102;439;415
4;5;452.89446259070996;2;-1;498_ukr_Rovensk_2020.jpg154183102;439;416
4;5;59.986050133070506;2;-1;498_ukr_Rovensk_2020.jpg154183102;439;417
4;5;421.7531656716764;2;-1;498_ukr_Rovensk_2020.jpg154183102;440;412
4;5;629.1846279604539;2;-1;498_ukr_Rovensk_2020.jpg154183102;440;413
4;5;732.934636914741;2;-1;498_ukr_Rovensk_2020.jpg154183102;440;414
4;5;501.1173667052095;2;-1;498_ukr_Rovensk_2020.jpg154183102;440;415
4;5;342.85723439838455;2;-1;498_ukr_Rovensk_2020.jpg154183102;440;416
4;5;364.67713425016615;2;-1;498_ukr_Rovensk_2020.jpg154183102;440;417
4;5;606.1302991205791;2;-1;498_ukr_Rovensk_2020.jpg154183102;441;412
4;5;365.11249444123894;2;-1;498_ukr_Rovensk_2020.jpg154183102;441;413
4;5;520.1731469043452;2;-1;498_ukr_Rovensk_2020.jpg154183102;441;414
4;5;376.8333163866989;2;-1;498_ukr_Rovensk_2020.jpg154183102;441;415
4;5;135.34425155249346;2;-1;498_ukr_Rovensk_2020.jpg154183102;441;416
4;5;437.20586174120126;2;-1;498_ukr_Rovensk_2020.jpg154183102;441;417
4;5;936.5513381083352;2;-1;498_ukr_Rovensk_2020.jpg154183102;442;412
4;5;95.00123031551345;2;-1;498_ukr_Rovensk_2020.jpg154183102;442;413
4;5;350.0430515162791;2;-1;498_ukr_Rovensk_2020.jpg154183102;442;414
4;5;419.73093632160663;2;-1;498_ukr_Rovensk_2020.jpg154183102;442;415
4;5;240.4582943008829;2;-1;498_ukr_Rovensk_2020.jpg154183102;442;416
4;5;706.6795107388426;2;-1;498_ukr_Rovensk_2020.jpg154183102;442;417
4;2;366.00875656652033;3;1;498_ukr_Rovensk_2020.jpg154183102;435;434
4;2;377.78070358344144;3;1;498_ukr_Rovensk_2020.jpg154183102;436;434
4;2;426.12282266970874;3;1;498_ukr_Rovensk_2020.jpg154183102;439;432
4;2;57.11127625602443;3;1;498_ukr_Rovensk_2020.jpg154183102;440;432
4;2;46.790199354108445;3;1;498_ukr_Rovensk_2020.jpg154183102;441;431
4;2;79.05888299026337;3;1;498_ukr_Rovensk_2020.jpg154183102;442;434
4;2;241.35326805328327;3;1;488_twn_Maanshan_2020.jpg67030875;406;408
4;2;218.9087709526505;3;1;488_twn_Maanshan_2020.jpg67030875;407;408
4;8;425.2558053689567;1;-1;488_twn_Maanshan_2020.jpg67030875;406;411
4;8;608.9993924463308;1;-1;488_twn_Maanshan_2020.jpg67030875;407;411
4;2;44.76285756633824;3;1;448_usa_Surry_2021.jpg83950626;401;400
4;2;45.176472159538264;3;1;448_usa_Surry_2021.jpg83950626;402;400
4;2;29.792967528163157;3;1;435_usa_PointBeach_2018.jpg19952935;396;394
4;6;2159.724821166588;2;-1;425_usa_PaloVerde_2018.jpg253573711;374;330
4;6;1158.9498119717562;2;-1;425_usa_PaloVerde_2018.jpg253573711;374;331
4;6;1158.9498119717562;2;-1;425_usa_PaloVerde_2018.jpg253573711;374;331
4;6;1073.8244535370927;2;-1;425_usa_PaloVerde_2018.jpg253573711;374;333
4;6;1224.017498658634;2;-1;425_usa_PaloVerde_2018.jpg253573711;374;334
4;6;1568.7877160049552;2;-1;425_usa_PaloVerde_2018.jpg253573711;374;335
4;6;1687.844734534323;2;-1;425_usa_PaloVerde_2018.jpg253573711;374;336
4;6;1714.6952704559903;2;-1;425_usa_PaloVerde_2018.jpg253573711;374;337
4;6;2030.4611513507325;2;-1;425_usa_PaloVerde_2018.jpg253573711;374;338
4;6;2169.292239242205;2;-1;425_usa_PaloVerde_2018.jpg253573711;374;339
4;6;1676.1689721146522;2;-1;425_usa_PaloVerde_2018.jpg253573711;375;330
4;6;1068.8404993971915;2;-1;425_usa_PaloVerde_2018.jpg253573711;375;331
4;6;1068.8404993971915;2;-1;425_usa_PaloVerde_2018.jpg253573711;375;331
4;6;920.4602701092103;2;-1;425_usa_PaloVerde_2018.jpg253573711;375;333
4;6;1026.148118363587;2;-1;425_usa_PaloVerde_2018.jpg253573711;375;334
4;6;1267.5977704518434;2;-1;425_usa_PaloVerde_2018.jpg253573711;375;335
4;6;1417.6027471246853;2;-1;425_usa_PaloVerde_2018.jpg253573711;375;336
4;6;1369.5897436025355;2;-1;425_usa_PaloVerde_2018.jpg253573711;375;337
4;6;1588.316294850817;2;-1;425_usa_PaloVerde_2018.jpg253573711;375;338
4;6;1742.2650781006614;2;-1;425_usa_PaloVerde_2018.jpg253573711;375;339
4;6;951.9032487487714;2;-1;425_usa_PaloVerde_2018.jpg253573711;384;330
4;6;167.441769489185;2;-1;425_usa_PaloVerde_2018.jpg253573711;384;331
4;6;167.441769489185;2;-1;425_usa_PaloVerde_2018.jpg253573711;384;331
4;6;52.57260650101388;2;-1;425_usa_PaloVerde_2018.jpg253573711;384;333
4;6;48.80040323570358;2;-1;425_usa_PaloVerde_2018.jpg253573711;384;334
4;6;347.05472637836476;2;-1;425_usa_PaloVerde_2018.jpg253573711;384;335
4;6;477.65966187377893;2;-1;425_usa_PaloVerde_2018.jpg253573711;384;336
4;6;489.8293686912366;2;-1;425_usa_PaloVerde_2018.jpg253573711;384;337
4;6;813.0983832204274;2;-1;425_usa_PaloVerde_2018.jpg253573711;384;338
4;6;946.5040343751393;2;-1;425_usa_PaloVerde_2018.jpg253573711;384;339
4;6;490.8630171336382;2;-1;425_usa_PaloVerde_2018.jpg253573711;385;330
4;6;488.23735267140705;2;-1;425_usa_PaloVerde_2018.jpg253573711;385;331
4;6;488.23735267140705;2;-1;425_usa_PaloVerde_2018.jpg253573711;385;331
4;6;495.6910618670927;2;-1;425_usa_PaloVerde_2018.jpg253573711;385;333
4;6;356.35975220757837;2;-1;425_usa_PaloVerde_2018.jpg253573711;385;334
4;6;55.97240968608412;2;-1;425_usa_PaloVerde_2018.jpg253573711;385;335
4;6;165.56165615612557;2;-1;425_usa_PaloVerde_2018.jpg253573711;385;336
4;6;51.74698715906081;2;-1;425_usa_PaloVerde_2018.jpg253573711;385;337
4;6;348.04449134566465;2;-1;425_usa_PaloVerde_2018.jpg253573711;385;338
4;6;481.8712999796189;2;-1;425_usa_PaloVerde_2018.jpg253573711;385;339
4;6;47.01817422369483;2;-1;425_usa_PaloVerde_2018.jpg253573711;386;330
4;6;958.193935775017;2;-1;425_usa_PaloVerde_2018.jpg253573711;386;331
4;6;958.193935775017;2;-1;425_usa_PaloVerde_2018.jpg253573711;386;331
4;6;961.1242728556656;2;-1;425_usa_PaloVerde_2018.jpg253573711;386;333
4;6;825.5642016795097;2;-1;425_usa_PaloVerde_2018.jpg253573711;386;334
4;6;501.6384317539223;2;-1;425_usa_PaloVerde_2018.jpg253573711;386;335
4;6;486.3564994117382;2;-1;425_usa_PaloVerde_2018.jpg253573711;386;336
4;6;358.2214215097753;2;-1;425_usa_PaloVerde_2018.jpg253573711;386;337
4;6;53.69200498073002;2;-1;425_usa_PaloVerde_2018.jpg253573711;386;338
4;6;167.06238582898135;2;-1;425_usa_PaloVerde_2018.jpg253573711;386;339
4;2;1149.9997782608482;3;1;425_usa_PaloVerde_2018.jpg253573711;374;389
4;2;769.5650264922388;3;1;425_usa_PaloVerde_2018.jpg253573711;375;389
4;2;158.07582676834818;3;1;425_usa_PaloVerde_2018.jpg253573711;384;389
4;2;161.11060654067046;3;1;425_usa_PaloVerde_2018.jpg253573711;385;388
4;2;158.51422619869098;3;1;425_usa_PaloVerde_2018.jpg253573711;386;387
4;5;21.675099760815588;2;-1;416_usa_NineMile_2017.jpg94457770;323;314
4;7;295.26645593429674;2;-1;416_usa_NineMile_2017.jpg94457770;323;321
4;7;281.7875085946856;2;-1;416_usa_NineMile_2017.jpg94457770;323;322
4;2;238.65758486347337;3;1;416_usa_NineMile_2017.jpg94457770;323;319
4;2;54.264788871849454;3;1;403_usa_Cooper_2015.jpg45477838;304;306
4;8;144.83369773640388;1;-1;403_usa_Cooper_2015.jpg45477838;304;312
4;6;72.09501033117776;2;-1;398_usa_Columbia_2015.jpg78394441;294;295
4;6;15.88986660370133;2;-1;398_usa_Columbia_2015.jpg78394441;294;296
4;6;15.468292796246127;2;-1;398_usa_Columbia_2015.jpg78394441;294;297
4;6;83.79097653873241;2;-1;398_usa_Columbia_2015.jpg78394441;294;298
4;6;33.019563251653295;2;-1;398_usa_Columbia_2015.jpg78394441;294;299
4;6;32.80432406757739;2;-1;398_usa_Columbia_2015.jpg78394441;294;300
4;2;327.12596962026726;3;1;398_usa_Columbia_2015.jpg78394441;294;302
4;2;194.2422456624717;3;1;397_usa_Clinton_219.jpg88645665;287;288
4;2;64.85574570068268;3;1;394_usa_Quad_Cities _2019.jpg61983379;283;280
4;2;172.41766150832694;3;1;394_usa_Quad_Cities _2019.jpg61983379;284;280
4;2;42.6510460676579;3;1;389_usa_Calvert_2022.jpg56769028;277;276
4;5;513.402807813189;2;-1;383_usa_Devis_2015.jpg42786637;272;265
4;2;66.26489788174348;3;1;383_usa_Devis_2015.jpg42786637;272;268
4;8;50.317790094558006;1;-1;383_usa_Devis_2015.jpg42786637;272;273
4;5;99.10120462284466;2;-1;376_usa_vogtle_2019.jpg38089928;261;248
4;5;97.40546138887373;2;-1;376_usa_vogtle_2019.jpg38089928;261;249
4;5;82.40599493329387;2;-1;376_usa_vogtle_2019.jpg38089928;262;248
4;5;114.07769407922979;2;-1;376_usa_vogtle_2019.jpg38089928;262;249
4;6;267.87205033329434;2;-1;376_usa_vogtle_2019.jpg38089928;261;252
4;6;375.12560909388617;2;-1;376_usa_vogtle_2019.jpg38089928;261;253
4;6;344.9106164243253;2;-1;376_usa_vogtle_2019.jpg38089928;261;254
4;6;307.93527654510103;2;-1;376_usa_vogtle_2019.jpg38089928;261;255
4;6;244.14262920631154;2;-1;376_usa_vogtle_2019.jpg38089928;262;252
4;6;356.72337385871896;2;-1;376_usa_vogtle_2019.jpg38089928;262;253
4;6;323.9903773240144;2;-1;376_usa_vogtle_2019.jpg38089928;262;254
4;6;285.28767158902826;2;-1;376_usa_vogtle_2019.jpg38089928;262;255
4;2;207.80079403120672;3;1;376_usa_vogtle_2019.jpg38089928;261;258
4;2;205.74918053354395;3;1;376_usa_vogtle_2019.jpg38089928;262;258
4;7;883.0410296243317;2;-1;356_usa_browns_2020.jpg82927504;239;228
4;7;887.2270566207953;2;-1;356_usa_browns_2020.jpg82927504;239;229
4;7;781.0893994927853;2;-1;356_usa_browns_2020.jpg82927504;239;230
4;7;656.2606951509438;2;-1;356_usa_browns_2020.jpg82927504;239;231
4;7;623.2453289034745;2;-1;356_usa_browns_2020.jpg82927504;239;232
4;7;409.5037718547499;2;-1;356_usa_browns_2020.jpg82927504;239;233
4;7;426.75994423094585;2;-1;356_usa_browns_2020.jpg82927504;239;234
4;7;69.35416353759881;2;-1;356_usa_browns_2020.jpg82927504;239;240
4;7;73.58980907707262;2;-1;356_usa_browns_2020.jpg82927504;244;228
4;7;112.93697357375927;2;-1;356_usa_browns_2020.jpg82927504;244;229
4;7;232.47478988121327;2;-1;356_usa_browns_2020.jpg82927504;244;230
4;7;117.3095477785163;2;-1;356_usa_browns_2020.jpg82927504;244;231
4;7;72.10110956150397;2;-1;356_usa_browns_2020.jpg82927504;244;232
4;7;290.5236134981114;2;-1;356_usa_browns_2020.jpg82927504;244;233
4;7;305.93835980471624;2;-1;356_usa_browns_2020.jpg82927504;244;234
4;7;745.6655014146759;2;-1;356_usa_browns_2020.jpg82927504;244;240
4;7;76.64875373621315;2;-1;356_usa_browns_2020.jpg82927504;245;228
4;7;73.85485711775328;2;-1;356_usa_browns_2020.jpg82927504;245;229
4;7;234.5672824585731;2;-1;356_usa_browns_2020.jpg82927504;245;230
4;7;192.74234096326632;2;-1;356_usa_browns_2020.jpg82927504;245;231
4;7;188.46381615578096;2;-1;356_usa_browns_2020.jpg82927504;245;232
4;7;417.56945530055236;2;-1;356_usa_browns_2020.jpg82927504;245;233
4;7;419.0088543217196;2;-1;356_usa_browns_2020.jpg82927504;245;234
4;7;869.9843331922708;2;-1;356_usa_browns_2020.jpg82927504;245;240
4;2;50.85872589831562;3;1;356_usa_browns_2020.jpg82927504;239;238
4;2;666.9452826131992;3;1;356_usa_browns_2020.jpg82927504;244;238
4;2;791.936973502311;3;1;356_usa_browns_2020.jpg82927504;245;238
4;5;83.63498443445329;2;-1;352_usa_biver_2017.jpg19782364;225;220
4;5;265.4919259668944;2;-1;352_usa_biver_2017.jpg19782364;225;221
4;5;132.85517986921943;2;-1;352_usa_biver_2017.jpg19782364;226;220
4;5;8.273561850396161;2;-1;352_usa_biver_2017.jpg19782364;226;221
4;5;4.650397632210474;2;-1;352_usa_biver_2017.jpg19782364;227;220
4;5;192.546082137845;2;-1;352_usa_biver_2017.jpg19782364;227;221
4;2;98.24642487134075;3;1;352_usa_biver_2017.jpg19782364;225;224
4;2;56.83485966448032;3;1;352_usa_biver_2017.jpg19782364;226;223
4;2;107.3018639167093;3;1;352_usa_biver_2017.jpg19782364;227;224
4;5;31.677091453663905;2;-1;350_usa_byron_2022.jpg18192680;211;204
4;5;35.2893120434075;2;-1;350_usa_byron_2022.jpg18192680;211;205
4;7;166.33463259345604;2;-1;350_usa_byron_2022.jpg18192680;211;207
4;2;137.06380696600965;3;1;350_usa_byron_2022.jpg18192680;211;209
4;5;246.87234363342642;2;-1;348_usa_arcan_2014.jpg23144917;199;194
4;2;36.97110193968336;3;1;348_usa_arcan_2014.jpg23144917;199;198
4;8;45.62477397204287;1;-1;348_usa_arcan_2014.jpg23144917;199;200
4;2;99.71963080455053;3;1;200_chn_Lingao_2022_NOT_NORTH.jpg81652247;170;172
4;2;104.9;3;1;200_chn_Lingao_2022_NOT_NORTH.jpg81652247;173;175
4;8;561.6754202452387;1;-1;200_chn_Lingao_2022_NOT_NORTH.jpg81652247;170;176
4;8;577.2314786981043;1;-1;200_chn_Lingao_2022_NOT_NORTH.jpg81652247;170;178
4;8;53.400000000000006;1;-1;200_chn_Lingao_2022_NOT_NORTH.jpg81652247;170;182
4;8;197.63787592463143;1;-1;200_chn_Lingao_2022_NOT_NORTH.jpg81652247;170;183
4;8;410.4918147783217;1;-1;200_chn_Lingao_2022_NOT_NORTH.jpg81652247;170;184
4;8;77.41537315029878;1;-1;200_chn_Lingao_2022_NOT_NORTH.jpg81652247;173;176
4;8;222.76198059812634;1;-1;200_chn_Lingao_2022_NOT_NORTH.jpg81652247;173;178
4;8;299.4326134541794;1;-1;200_chn_Lingao_2022_NOT_NORTH.jpg81652247;173;182
4;8;396.0969199577296;1;-1;200_chn_Lingao_2022_NOT_NORTH.jpg81652247;173;183
4;8;913.0494893487429;1;-1;200_chn_Lingao_2022_NOT_NORTH.jpg81652247;173;184
4;7;467.6457611049343;2;-1;196_chn_Qinshan-2_2018.jpg30011199;162;165
4;2;87.38912540242838;3;1;196_chn_Qinshan-2_2018.jpg30011199;162;163
4;2;98.51314633083241;3;1;170_can_Gentilly_2017.jpg17587488;157;154
4;8;300.20206528270256;1;-1;170_can_Gentilly_2017.jpg17587488;157;159
4;2;61.13157656469466;3;1;165_ita_EnricoFermi_2021.jpg16339521;147;146
4;8;375.57116732796294;1;-1;165_ita_EnricoFermi_2021.jpg16339521;147;149
4;5;284.4110404982932;2;-1;161_esp_Cofrentes_2019.jpg103003003;143;134
4;5;300.7033158551571;2;-1;161_esp_Cofrentes_2019.jpg103003003;143;135
4;7;147.61249947074268;2;-1;161_esp_Cofrentes_2019.jpg103003003;143;141
4;2;78.06644605718901;3;1;161_esp_Cofrentes_2019.jpg103003003;143;142
4;5;636.404634612875;2;-1;126_ind_radjastan_2017.jpg84240605;127;104
4;5;437.8246694414891;2;-1;126_ind_radjastan_2017.jpg84240605;127;105
4;5;286.49483213451174;2;-1;126_ind_radjastan_2017.jpg84240605;127;106
4;5;668.3830443913912;2;-1;126_ind_radjastan_2017.jpg84240605;127;108
4;5;445.7821914401936;2;-1;126_ind_radjastan_2017.jpg84240605;128;104
4;5;635.5549207054746;2;-1;126_ind_radjastan_2017.jpg84240605;128;105
4;5;500.9367057143749;2;-1;126_ind_radjastan_2017.jpg84240605;128;106
4;5;470.1190659273091;2;-1;126_ind_radjastan_2017.jpg84240605;128;108
4;5;985.4767902572802;2;-1;126_ind_radjastan_2017.jpg84240605;129;104
4;5;37.402496557339326;2;-1;126_ind_radjastan_2017.jpg84240605;129;105
4;5;37.92734932108902;2;-1;126_ind_radjastan_2017.jpg84240605;129;106
4;5;990.6082569899238;2;-1;126_ind_radjastan_2017.jpg84240605;129;108
4;5;40.80825865996211;2;-1;126_ind_radjastan_2017.jpg84240605;130;104
4;5;1061.2713105173048;2;-1;126_ind_radjastan_2017.jpg84240605;130;105
4;5;935.039470848688;2;-1;126_ind_radjastan_2017.jpg84240605;130;106
4;5;24.342265369773003;2;-1;126_ind_radjastan_2017.jpg84240605;130;108
4;7;36.42965824709312;2;-1;126_ind_radjastan_2017.jpg84240605;127;113
4;7;104.66636880031261;2;-1;126_ind_radjastan_2017.jpg84240605;127;114
4;7;254.6440849499552;2;-1;126_ind_radjastan_2017.jpg84240605;127;115
4;7;207.22596362425247;2;-1;126_ind_radjastan_2017.jpg84240605;127;116
4;7;146.1216011639485;2;-1;126_ind_radjastan_2017.jpg84240605;128;113
4;7;66.00189391222044;2;-1;126_ind_radjastan_2017.jpg84240605;128;114
4;7;155.87715461036544;2;-1;126_ind_radjastan_2017.jpg84240605;128;115
4;7;87.36864753480634;2;-1;126_ind_radjastan_2017.jpg84240605;128;116
4;7;326.6891488862157;2;-1;126_ind_radjastan_2017.jpg84240605;129;113
4;7;408.4660328595268;2;-1;126_ind_radjastan_2017.jpg84240605;129;114
4;7;505.13160661356363;2;-1;126_ind_radjastan_2017.jpg84240605;129;115
4;7;499.23610646666975;2;-1;126_ind_radjastan_2017.jpg84240605;129;116
4;7;576.0580005520277;2;-1;126_ind_radjastan_2017.jpg84240605;130;113
4;7;493.5081356978829;2;-1;126_ind_radjastan_2017.jpg84240605;130;114
4;7;412.4392925025452;2;-1;126_ind_radjastan_2017.jpg84240605;130;115
4;7;404.8393158171716;2;-1;126_ind_radjastan_2017.jpg84240605;130;116
4;2;196.43607102566475;3;1;126_ind_radjastan_2017.jpg84240605;127;118
4;2;226.6204373214488;3;1;126_ind_radjastan_2017.jpg84240605;128;124
4;2;55.49285911309065;3;1;126_ind_radjastan_2017.jpg84240605;129;117
4;2;115.67729044862762;3;1;126_ind_radjastan_2017.jpg84240605;130;124
4;5;50.53454859949764;2;-1;121_deu_Emsland_2022.jpg44887123;103;99
4;2;38.218031522299526;3;1;121_deu_Emsland_2022.jpg44887123;103;102
4;6;7.4255722408509754;2;-1;111_deu_Isar_2014.jpg57896445;87;83
4;6;277.22419390587106;2;-1;111_deu_Isar_2014.jpg57896445;88;83
4;6;514.1480910581834;2;-1;111_deu_Isar_2014.jpg57896445;89;83
4;7;441.8740205081082;2;-1;111_deu_Isar_2014.jpg57896445;87;90
4;7;425.09741236568357;2;-1;111_deu_Isar_2014.jpg57896445;87;91
4;7;477.72574768375216;2;-1;111_deu_Isar_2014.jpg57896445;87;92
4;7;587.1393786827792;2;-1;111_deu_Isar_2014.jpg57896445;87;93
4;7;24.403103860889;2;-1;111_deu_Isar_2014.jpg57896445;88;90
4;7;77.90930624771345;2;-1;111_deu_Isar_2014.jpg57896445;88;91
4;7;117.07642802887352;2;-1;111_deu_Isar_2014.jpg57896445;88;92
4;7;193.1037286020133;2;-1;111_deu_Isar_2014.jpg57896445;88;93
4;7;107.62007247721031;2;-1;111_deu_Isar_2014.jpg57896445;89;90
4;7;187.67559777445763;2;-1;111_deu_Isar_2014.jpg57896445;89;91
4;7;177.01028218722212;2;-1;111_deu_Isar_2014.jpg57896445;89;92
4;7;137.40363896200128;2;-1;111_deu_Isar_2014.jpg57896445;89;93
4;2;141.20978676328613;3;1;111_deu_Isar_2014.jpg57896445;87;86
4;2;132.7871228696518;3;1;111_deu_Isar_2014.jpg57896445;88;97
4;2;274.05320651289594;3;1;111_deu_Isar_2014.jpg57896445;89;97
4;8;93.2150202488848;1;-1;111_deu_Isar_2014.jpg57896445;87;98
4;8;549.4414982507237;1;-1;111_deu_Isar_2014.jpg57896445;88;98
4;8;789.5627270837954;1;-1;111_deu_Isar_2014.jpg57896445;89;98
4;5;120.81858945609291;2;-1;086_deu_Gundremmingen_2009.jpg69908841;68;57
4;5;370.84616445277607;2;-1;086_deu_Gundremmingen_2009.jpg69908841;68;58
4;5;34.941582808192024;2;-1;086_deu_Gundremmingen_2009.jpg69908841;74;57
4;5;192.11585518109962;2;-1;086_deu_Gundremmingen_2009.jpg69908841;74;58
4;5;196.74437860544845;2;-1;086_deu_Gundremmingen_2009.jpg69908841;75;57
4;5;36.91774160273385;2;-1;086_deu_Gundremmingen_2009.jpg69908841;75;58
4;2;81.02381740847828;3;1;086_deu_Gundremmingen_2009.jpg69908841;68;70
4;2;65.10839603383128;3;1;086_deu_Gundremmingen_2009.jpg69908841;74;67
4;2;194.5317711840408;3;1;086_deu_Gundremmingen_2009.jpg69908841;75;67
4;2;224.14051396389723;3;1;078_hun_Paksi_2020.jpg69212807;51;47
4;2;182.05760077513932;3;1;078_hun_Paksi_2020.jpg69212807;52;47
4;8;393.76358389267034;1;-1;078_hun_Paksi_2020.jpg69212807;51;55
4;8;377.4800921903035;1;-1;078_hun_Paksi_2020.jpg69212807;51;56
4;8;306.24096721372865;1;-1;078_hun_Paksi_2020.jpg69212807;52;55
4;8;294.0968037908607;1;-1;078_hun_Paksi_2020.jpg69212807;52;56
4;2;150.0719811509849;3;1;076_gbr_Torness_2009.jpg36978288;41;43
4;8;272.32955923819594;1;-1;076_gbr_Torness_2009.jpg36978288;41;46
4;2;123.97814323500737;3;1;072_gbr_Heysham_2018.jpg201846667;28;34
4;2;103.90389790570902;3;1;072_gbr_Heysham_2018.jpg201846667;29;34
4;8;140.31325667947416;1;-1;072_gbr_Heysham_2018.jpg201846667;28;30
4;8;389.764403197624;1;-1;072_gbr_Heysham_2018.jpg201846667;28;39
4;8;214.99165100068421;1;-1;072_gbr_Heysham_2018.jpg201846667;29;30
4;8;424.75443493858893;1;-1;072_gbr_Heysham_2018.jpg201846667;29;39
4;2;149.7626095683621;3;1;070_gbr_Hartlepool_2020.jpg35481516;21;25
4;8;283.5644018560863;1;-1;070_gbr_Hartlepool_2020.jpg35481516;21;23
4;2;95.5054684142005;3;1;058_gbr_Dungeness_2019.jpg97701847;16;9
4;8;152.96434225008127;1;-1;058_gbr_Dungeness_2019.jpg97701847;16;19
4;2;179.1912944313981;3;1;004_arg_Embalse_2021.jpg16904073;4;1
4;8;474.4844947900666;1;-1;004_arg_Embalse_2021.jpg16904073;4;5
5;4;239.79569173441882;1, 4;-1;569_fra_Cruas_2010.jpg52168623;486;498
5;4;466.0900317414178;1, 4;-1;569_fra_Cruas_2010.jpg52168623;486;499
5;4;310.30379697086573;1, 4;-1;569_fra_Cruas_2010.jpg52168623;487;498
5;4;455.33528818006266;1, 4;-1;569_fra_Cruas_2010.jpg52168623;487;499
5;4;538.1451766706799;1, 4;-1;569_fra_Cruas_2010.jpg52168623;488;498
5;4;382.05557238327697;1, 4;-1;569_fra_Cruas_2010.jpg52168623;488;499
5;4;388.27905016144547;1, 4;-1;569_fra_Cruas_2010.jpg52168623;489;498
5;4;302.36916445542516;1, 4;-1;569_fra_Cruas_2010.jpg52168623;489;499
5;4;828.6933640956922;1, 4;-1;498_ukr_Rovensk_2020.jpg154183102;412;435
5;4;645.0773925214228;1, 4;-1;498_ukr_Rovensk_2020.jpg154183102;412;436
5;4;70.43740652586521;1, 4;-1;498_ukr_Rovensk_2020.jpg154183102;412;439
5;4;421.7531656716764;1, 4;-1;498_ukr_Rovensk_2020.jpg154183102;412;440
5;4;606.1302991205791;1, 4;-1;498_ukr_Rovensk_2020.jpg154183102;412;441
5;4;936.5513381083352;1, 4;-1;498_ukr_Rovensk_2020.jpg154183102;412;442
5;4;53.92430972467244;1, 4;-1;498_ukr_Rovensk_2020.jpg154183102;413;435
5;4;186.5495046490592;1, 4;-1;498_ukr_Rovensk_2020.jpg154183102;413;436
5;4;746.7928128439271;1, 4;-1;498_ukr_Rovensk_2020.jpg154183102;413;439
5;4;629.1846279604539;1, 4;-1;498_ukr_Rovensk_2020.jpg154183102;413;440
5;4;365.11249444123894;1, 4;-1;498_ukr_Rovensk_2020.jpg154183102;413;441
5;4;95.00123031551345;1, 4;-1;498_ukr_Rovensk_2020.jpg154183102;413;442
5;4;46.30687683666454;1, 4;-1;498_ukr_Rovensk_2020.jpg154183102;414;435
5;4;182.03496690442483;1, 4;-1;498_ukr_Rovensk_2020.jpg154183102;414;436
5;4;732.9105913568394;1, 4;-1;498_ukr_Rovensk_2020.jpg154183102;414;439
5;4;732.934636914741;1, 4;-1;498_ukr_Rovensk_2020.jpg154183102;414;440
5;4;520.1731469043452;1, 4;-1;498_ukr_Rovensk_2020.jpg154183102;414;441
5;4;350.0430515162791;1, 4;-1;498_ukr_Rovensk_2020.jpg154183102;414;442
5;4;188.58096895906064;1, 4;-1;498_ukr_Rovensk_2020.jpg154183102;415;435
5;4;46.06444452454469;1, 4;-1;498_ukr_Rovensk_2020.jpg154183102;415;436
5;4;434.4472033367289;1, 4;-1;498_ukr_Rovensk_2020.jpg154183102;415;439
5;4;501.1173667052095;1, 4;-1;498_ukr_Rovensk_2020.jpg154183102;415;440
5;4;376.8333163866989;1, 4;-1;498_ukr_Rovensk_2020.jpg154183102;415;441
5;4;419.73093632160663;1, 4;-1;498_ukr_Rovensk_2020.jpg154183102;415;442
5;4;195.29105431184337;1, 4;-1;498_ukr_Rovensk_2020.jpg154183102;416;435
5;4;57.65635261044716;1, 4;-1;498_ukr_Rovensk_2020.jpg154183102;416;436
5;4;452.89446259070996;1, 4;-1;498_ukr_Rovensk_2020.jpg154183102;416;439
5;4;342.85723439838455;1, 4;-1;498_ukr_Rovensk_2020.jpg154183102;416;440
5;4;135.34425155249346;1, 4;-1;498_ukr_Rovensk_2020.jpg154183102;416;441
5;4;240.4582943008829;1, 4;-1;498_ukr_Rovensk_2020.jpg154183102;416;442
5;4;570.1147552094052;1, 4;-1;498_ukr_Rovensk_2020.jpg154183102;417;435
5;4;388.41135131362466;1, 4;-1;498_ukr_Rovensk_2020.jpg154183102;417;436
5;4;59.986050133070506;1, 4;-1;498_ukr_Rovensk_2020.jpg154183102;417;439
5;4;364.67713425016615;1, 4;-1;498_ukr_Rovensk_2020.jpg154183102;417;440
5;4;437.20586174120126;1, 4;-1;498_ukr_Rovensk_2020.jpg154183102;417;441
5;4;706.6795107388426;1, 4;-1;498_ukr_Rovensk_2020.jpg154183102;417;442
5;4;21.675099760815588;1, 4;-1;416_usa_NineMile_2017.jpg94457770;314;323
5;4;513.402807813189;1, 4;-1;383_usa_Devis_2015.jpg42786637;265;272
5;4;99.10120462284466;1, 4;-1;376_usa_vogtle_2019.jpg38089928;248;261
5;4;82.40599493329387;1, 4;-1;376_usa_vogtle_2019.jpg38089928;248;262
5;4;97.40546138887373;1, 4;-1;376_usa_vogtle_2019.jpg38089928;249;261
5;4;114.07769407922979;1, 4;-1;376_usa_vogtle_2019.jpg38089928;249;262
5;4;83.63498443445329;1, 4;-1;352_usa_biver_2017.jpg19782364;220;225
5;4;132.85517986921943;1, 4;-1;352_usa_biver_2017.jpg19782364;220;226
5;4;4.650397632210474;1, 4;-1;352_usa_biver_2017.jpg19782364;220;227
5;4;265.4919259668944;1, 4;-1;352_usa_biver_2017.jpg19782364;221;225
5;4;8.273561850396161;1, 4;-1;352_usa_biver_2017.jpg19782364;221;226
5;4;192.546082137845;1, 4;-1;352_usa_biver_2017.jpg19782364;221;227
5;4;31.677091453663905;1, 4;-1;350_usa_byron_2022.jpg18192680;204;211
5;4;35.2893120434075;1, 4;-1;350_usa_byron_2022.jpg18192680;205;211
5;4;246.87234363342642;1, 4;-1;348_usa_arcan_2014.jpg23144917;194;199
5;4;284.4110404982932;1, 4;-1;161_esp_Cofrentes_2019.jpg103003003;134;143
5;4;300.7033158551571;1, 4;-1;161_esp_Cofrentes_2019.jpg103003003;135;143
5;4;636.404634612875;1, 4;-1;126_ind_radjastan_2017.jpg84240605;104;127
5;4;445.7821914401936;1, 4;-1;126_ind_radjastan_2017.jpg84240605;104;128
5;4;985.4767902572802;1, 4;-1;126_ind_radjastan_2017.jpg84240605;104;129
5;4;40.80825865996211;1, 4;-1;126_ind_radjastan_2017.jpg84240605;104;130
5;4;437.8246694414891;1, 4;-1;126_ind_radjastan_2017.jpg84240605;105;127
5;4;635.5549207054746;1, 4;-1;126_ind_radjastan_2017.jpg84240605;105;128
5;4;37.402496557339326;1, 4;-1;126_ind_radjastan_2017.jpg84240605;105;129
5;4;1061.2713105173048;1, 4;-1;126_ind_radjastan_2017.jpg84240605;105;130
5;4;286.49483213451174;1, 4;-1;126_ind_radjastan_2017.jpg84240605;106;127
5;4;500.9367057143749;1, 4;-1;126_ind_radjastan_2017.jpg84240605;106;128
5;4;37.92734932108902;1, 4;-1;126_ind_radjastan_2017.jpg84240605;106;129
5;4;935.039470848688;1, 4;-1;126_ind_radjastan_2017.jpg84240605;106;130
5;4;668.3830443913912;1, 4;-1;126_ind_radjastan_2017.jpg84240605;108;127
5;4;470.1190659273091;1, 4;-1;126_ind_radjastan_2017.jpg84240605;108;128
5;4;990.6082569899238;1, 4;-1;126_ind_radjastan_2017.jpg84240605;108;129
5;4;24.342265369773003;1, 4;-1;126_ind_radjastan_2017.jpg84240605;108;130
5;4;50.53454859949764;1, 4;-1;121_deu_Emsland_2022.jpg44887123;99;103
5;4;120.81858945609291;1, 4;-1;086_deu_Gundremmingen_2009.jpg69908841;57;68
5;4;34.941582808192024;1, 4;-1;086_deu_Gundremmingen_2009.jpg69908841;57;74
5;4;196.74437860544845;1, 4;-1;086_deu_Gundremmingen_2009.jpg69908841;57;75
5;4;370.84616445277607;1, 4;-1;086_deu_Gundremmingen_2009.jpg69908841;58;68
5;4;192.11585518109962;1, 4;-1;086_deu_Gundremmingen_2009.jpg69908841;58;74
5;4;36.91774160273385;1, 4;-1;086_deu_Gundremmingen_2009.jpg69908841;58;75
6;4;2159.724821166588;1, 4;-1;425_usa_PaloVerde_2018.jpg253573711;330;374
6;4;1676.1689721146522;1, 4;-1;425_usa_PaloVerde_2018.jpg253573711;330;375
6;4;951.9032487487714;1, 4;-1;425_usa_PaloVerde_2018.jpg253573711;330;384
6;4;490.8630171336382;1, 4;-1;425_usa_PaloVerde_2018.jpg253573711;330;385
6;4;47.01817422369483;1, 4;-1;425_usa_PaloVerde_2018.jpg253573711;330;386
6;4;1158.9498119717562;1, 4;-1;425_usa_PaloVerde_2018.jpg253573711;331;374
6;4;1068.8404993971915;1, 4;-1;425_usa_PaloVerde_2018.jpg253573711;331;375
6;4;167.441769489185;1, 4;-1;425_usa_PaloVerde_2018.jpg253573711;331;384
6;4;488.23735267140705;1, 4;-1;425_usa_PaloVerde_2018.jpg253573711;331;385
6;4;958.193935775017;1, 4;-1;425_usa_PaloVerde_2018.jpg253573711;331;386
6;4;1158.9498119717562;1, 4;-1;425_usa_PaloVerde_2018.jpg253573711;331;374
6;4;1068.8404993971915;1, 4;-1;425_usa_PaloVerde_2018.jpg253573711;331;375
6;4;167.441769489185;1, 4;-1;425_usa_PaloVerde_2018.jpg253573711;331;384
6;4;488.23735267140705;1, 4;-1;425_usa_PaloVerde_2018.jpg253573711;331;385
6;4;958.193935775017;1, 4;-1;425_usa_PaloVerde_2018.jpg253573711;331;386
6;4;1073.8244535370927;1, 4;-1;425_usa_PaloVerde_2018.jpg253573711;333;374
6;4;920.4602701092103;1, 4;-1;425_usa_PaloVerde_2018.jpg253573711;333;375
6;4;52.57260650101388;1, 4;-1;425_usa_PaloVerde_2018.jpg253573711;333;384
6;4;495.6910618670927;1, 4;-1;425_usa_PaloVerde_2018.jpg253573711;333;385
6;4;961.1242728556656;1, 4;-1;425_usa_PaloVerde_2018.jpg253573711;333;386
6;4;1224.017498658634;1, 4;-1;425_usa_PaloVerde_2018.jpg253573711;334;374
6;4;1026.148118363587;1, 4;-1;425_usa_PaloVerde_2018.jpg253573711;334;375
6;4;48.80040323570358;1, 4;-1;425_usa_PaloVerde_2018.jpg253573711;334;384
6;4;356.35975220757837;1, 4;-1;425_usa_PaloVerde_2018.jpg253573711;334;385
6;4;825.5642016795097;1, 4;-1;425_usa_PaloVerde_2018.jpg253573711;334;386
6;4;1568.7877160049552;1, 4;-1;425_usa_PaloVerde_2018.jpg253573711;335;374
6;4;1267.5977704518434;1, 4;-1;425_usa_PaloVerde_2018.jpg253573711;335;375
6;4;347.05472637836476;1, 4;-1;425_usa_PaloVerde_2018.jpg253573711;335;384
6;4;55.97240968608412;1, 4;-1;425_usa_PaloVerde_2018.jpg253573711;335;385
6;4;501.6384317539223;1, 4;-1;425_usa_PaloVerde_2018.jpg253573711;335;386
6;4;1687.844734534323;1, 4;-1;425_usa_PaloVerde_2018.jpg253573711;336;374
6;4;1417.6027471246853;1, 4;-1;425_usa_PaloVerde_2018.jpg253573711;336;375
6;4;477.65966187377893;1, 4;-1;425_usa_PaloVerde_2018.jpg253573711;336;384
6;4;165.56165615612557;1, 4;-1;425_usa_PaloVerde_2018.jpg253573711;336;385
6;4;486.3564994117382;1, 4;-1;425_usa_PaloVerde_2018.jpg253573711;336;386
6;4;1714.6952704559903;1, 4;-1;425_usa_PaloVerde_2018.jpg253573711;337;374
6;4;1369.5897436025355;1, 4;-1;425_usa_PaloVerde_2018.jpg253573711;337;375
6;4;489.8293686912366;1, 4;-1;425_usa_PaloVerde_2018.jpg253573711;337;384
6;4;51.74698715906081;1, 4;-1;425_usa_PaloVerde_2018.jpg253573711;337;385
6;4;358.2214215097753;1, 4;-1;425_usa_PaloVerde_2018.jpg253573711;337;386
6;4;2030.4611513507325;1, 4;-1;425_usa_PaloVerde_2018.jpg253573711;338;374
6;4;1588.316294850817;1, 4;-1;425_usa_PaloVerde_2018.jpg253573711;338;375
6;4;813.0983832204274;1, 4;-1;425_usa_PaloVerde_2018.jpg253573711;338;384
6;4;348.04449134566465;1, 4;-1;425_usa_PaloVerde_2018.jpg253573711;338;385
6;4;53.69200498073002;1, 4;-1;425_usa_PaloVerde_2018.jpg253573711;338;386
6;4;2169.292239242205;1, 4;-1;425_usa_PaloVerde_2018.jpg253573711;339;374
6;4;1742.2650781006614;1, 4;-1;425_usa_PaloVerde_2018.jpg253573711;339;375
6;4;946.5040343751393;1, 4;-1;425_usa_PaloVerde_2018.jpg253573711;339;384
6;4;481.8712999796189;1, 4;-1;425_usa_PaloVerde_2018.jpg253573711;339;385
6;4;167.06238582898135;1, 4;-1;425_usa_PaloVerde_2018.jpg253573711;339;386
6;4;72.09501033117776;1, 4;-1;398_usa_Columbia_2015.jpg78394441;295;294
6;4;15.88986660370133;1, 4;-1;398_usa_Columbia_2015.jpg78394441;296;294
6;4;15.468292796246127;1, 4;-1;398_usa_Columbia_2015.jpg78394441;297;294
6;4;83.79097653873241;1, 4;-1;398_usa_Columbia_2015.jpg78394441;298;294
6;4;33.019563251653295;1, 4;-1;398_usa_Columbia_2015.jpg78394441;299;294
6;4;32.80432406757739;1, 4;-1;398_usa_Columbia_2015.jpg78394441;300;294
6;4;267.87205033329434;1, 4;-1;376_usa_vogtle_2019.jpg38089928;252;261
6;4;244.14262920631154;1, 4;-1;376_usa_vogtle_2019.jpg38089928;252;262
6;4;375.12560909388617;1, 4;-1;376_usa_vogtle_2019.jpg38089928;253;261
6;4;356.72337385871896;1, 4;-1;376_usa_vogtle_2019.jpg38089928;253;262
6;4;344.9106164243253;1, 4;-1;376_usa_vogtle_2019.jpg38089928;254;261
6;4;323.9903773240144;1, 4;-1;376_usa_vogtle_2019.jpg38089928;254;262
6;4;307.93527654510103;1, 4;-1;376_usa_vogtle_2019.jpg38089928;255;261
6;4;285.28767158902826;1, 4;-1;376_usa_vogtle_2019.jpg38089928;255;262
6;4;7.4255722408509754;1, 4;-1;111_deu_Isar_2014.jpg57896445;83;87
6;4;277.22419390587106;1, 4;-1;111_deu_Isar_2014.jpg57896445;83;88
6;4;514.1480910581834;1, 4;-1;111_deu_Isar_2014.jpg57896445;83;89
7;4;295.26645593429674;1, 4;-1;416_usa_NineMile_2017.jpg94457770;321;323
7;4;281.7875085946856;1, 4;-1;416_usa_NineMile_2017.jpg94457770;322;323
7;4;883.0410296243317;1, 4;-1;356_usa_browns_2020.jpg82927504;228;239
7;4;73.58980907707262;1, 4;-1;356_usa_browns_2020.jpg82927504;228;244
7;4;76.64875373621315;1, 4;-1;356_usa_browns_2020.jpg82927504;228;245
7;4;887.2270566207953;1, 4;-1;356_usa_browns_2020.jpg82927504;229;239
7;4;112.93697357375927;1, 4;-1;356_usa_browns_2020.jpg82927504;229;244
7;4;73.85485711775328;1, 4;-1;356_usa_browns_2020.jpg82927504;229;245
7;4;781.0893994927853;1, 4;-1;356_usa_browns_2020.jpg82927504;230;239
7;4;232.47478988121327;1, 4;-1;356_usa_browns_2020.jpg82927504;230;244
7;4;234.5672824585731;1, 4;-1;356_usa_browns_2020.jpg82927504;230;245
7;4;656.2606951509438;1, 4;-1;356_usa_browns_2020.jpg82927504;231;239
7;4;117.3095477785163;1, 4;-1;356_usa_browns_2020.jpg82927504;231;244
7;4;192.74234096326632;1, 4;-1;356_usa_browns_2020.jpg82927504;231;245
7;4;623.2453289034745;1, 4;-1;356_usa_browns_2020.jpg82927504;232;239
7;4;72.10110956150397;1, 4;-1;356_usa_browns_2020.jpg82927504;232;244
7;4;188.46381615578096;1, 4;-1;356_usa_browns_2020.jpg82927504;232;245
7;4;409.5037718547499;1, 4;-1;356_usa_browns_2020.jpg82927504;233;239
7;4;290.5236134981114;1, 4;-1;356_usa_browns_2020.jpg82927504;233;244
7;4;417.56945530055236;1, 4;-1;356_usa_browns_2020.jpg82927504;233;245
7;4;426.75994423094585;1, 4;-1;356_usa_browns_2020.jpg82927504;234;239
7;4;305.93835980471624;1, 4;-1;356_usa_browns_2020.jpg82927504;234;244
7;4;419.0088543217196;1, 4;-1;356_usa_browns_2020.jpg82927504;234;245
7;4;69.35416353759881;1, 4;-1;356_usa_browns_2020.jpg82927504;240;239
7;4;745.6655014146759;1, 4;-1;356_usa_browns_2020.jpg82927504;240;244
7;4;869.9843331922708;1, 4;-1;356_usa_browns_2020.jpg82927504;240;245
7;4;166.33463259345604;1, 4;-1;350_usa_byron_2022.jpg18192680;207;211
7;4;467.6457611049343;1, 4;-1;196_chn_Qinshan-2_2018.jpg30011199;165;162
7;4;147.61249947074268;1, 4;-1;161_esp_Cofrentes_2019.jpg103003003;141;143
7;4;36.42965824709312;1, 4;-1;126_ind_radjastan_2017.jpg84240605;113;127
7;4;146.1216011639485;1, 4;-1;126_ind_radjastan_2017.jpg84240605;113;128
7;4;326.6891488862157;1, 4;-1;126_ind_radjastan_2017.jpg84240605;113;129
7;4;576.0580005520277;1, 4;-1;126_ind_radjastan_2017.jpg84240605;113;130
7;4;104.66636880031261;1, 4;-1;126_ind_radjastan_2017.jpg84240605;114;127
7;4;66.00189391222044;1, 4;-1;126_ind_radjastan_2017.jpg84240605;114;128
7;4;408.4660328595268;1, 4;-1;126_ind_radjastan_2017.jpg84240605;114;129
7;4;493.5081356978829;1, 4;-1;126_ind_radjastan_2017.jpg84240605;114;130
7;4;254.6440849499552;1, 4;-1;126_ind_radjastan_2017.jpg84240605;115;127
7;4;155.87715461036544;1, 4;-1;126_ind_radjastan_2017.jpg84240605;115;128
7;4;505.13160661356363;1, 4;-1;126_ind_radjastan_2017.jpg84240605;115;129
7;4;412.4392925025452;1, 4;-1;126_ind_radjastan_2017.jpg84240605;115;130
7;4;207.22596362425247;1, 4;-1;126_ind_radjastan_2017.jpg84240605;116;127
7;4;87.36864753480634;1, 4;-1;126_ind_radjastan_2017.jpg84240605;116;128
7;4;499.23610646666975;1, 4;-1;126_ind_radjastan_2017.jpg84240605;116;129
7;4;404.8393158171716;1, 4;-1;126_ind_radjastan_2017.jpg84240605;116;130
7;4;441.8740205081082;1, 4;-1;111_deu_Isar_2014.jpg57896445;90;87
7;4;24.403103860889;1, 4;-1;111_deu_Isar_2014.jpg57896445;90;88
7;4;107.62007247721031;1, 4;-1;111_deu_Isar_2014.jpg57896445;90;89
7;4;425.09741236568357;1, 4;-1;111_deu_Isar_2014.jpg57896445;91;87
7;4;77.90930624771345;1, 4;-1;111_deu_Isar_2014.jpg57896445;91;88
7;4;187.67559777445763;1, 4;-1;111_deu_Isar_2014.jpg57896445;91;89
7;4;477.72574768375216;1, 4;-1;111_deu_Isar_2014.jpg57896445;92;87
7;4;117.07642802887352;1, 4;-1;111_deu_Isar_2014.jpg57896445;92;88
7;4;177.01028218722212;1, 4;-1;111_deu_Isar_2014.jpg57896445;92;89
7;4;587.1393786827792;1, 4;-1;111_deu_Isar_2014.jpg57896445;93;87
7;4;193.1037286020133;1, 4;-1;111_deu_Isar_2014.jpg57896445;93;88
7;4;137.40363896200128;1, 4;-1;111_deu_Isar_2014.jpg57896445;93;89
9;2;56.319684644629376;3;-1;697_jpn_Kashiwazaki-Kariwa_2015.jpg229286392;568;567
9;2;56.5161183994377;3;-1;697_jpn_Kashiwazaki-Kariwa_2015.jpg229286392;569;567
9;2;47.88287794191155;3;-1;697_jpn_Kashiwazaki-Kariwa_2015.jpg229286392;570;566
9;2;26.268454808221072;3;-1;697_jpn_Kashiwazaki-Kariwa_2015.jpg229286392;579;578
9;2;27.141708544835247;3;-1;697_jpn_Kashiwazaki-Kariwa_2015.jpg229286392;580;577
9;2;28.114141548311125;3;-1;697_jpn_Kashiwazaki-Kariwa_2015.jpg229286392;581;575
9;2;62.501882235808445;3;-1;697_jpn_Kashiwazaki-Kariwa_2015.jpg229286392;582;576
9;2;0.43379762441903796;3;-1;687_jpn_Monju _2021.jpg46297417;546;544
9;2;45.672092135132154;3;-1;498_ukr_Rovensk_2020.jpg154183102;448;431
9;2;41.60588900624526;3;-1;498_ukr_Rovensk_2020.jpg154183102;449;432
9;2;62.47720739815955;3;-1;416_usa_NineMile_2017.jpg94457770;320;319
9;2;47.23557981013889;3;-1;416_usa_NineMile_2017.jpg94457770;324;319
9;2;127.31775210079701;3;-1;397_usa_Clinton_219.jpg88645665;290;288
9;2;1.1777503535115184;3;-1;356_usa_browns_2020.jpg82927504;247;238
9;2;17.37859605888793;3;-1;350_usa_byron_2022.jpg18192680;210;209
9;2;14.62802277741152;3;-1;266_nld_Borssele_2018.jpg103292746;193;191
9;2;6.852556622013414;3;-1;200_chn_Lingao_2022_NOT_NORTH.jpg81652247;179;175
9;2;0.0;3;-1;170_can_Gentilly_2017.jpg17587488;158;154
9;2;77.64238533172458;3;-1;161_esp_Cofrentes_2019.jpg103003003;144;142
9;2;89.0721056223552;3;-1;121_deu_Emsland_2022.jpg44887123;101;102
9;2;81.59148239859354;3;-1;111_deu_Isar_2014.jpg57896445;85;86
9;2;6.396307414464879;3;-1;090_deu_Obrigheim_2022.jpg19128591;82;78
9;2;78.54966581723949;3;-1;086_deu_Gundremmingen_2009.jpg69908841;71;67
9;2;74.65172469541477;3;-1;086_deu_Gundremmingen_2009.jpg69908841;72;66
9;2;32.357997465850694;3;-1;076_gbr_Torness_2009.jpg36978288;44;43
9;2;32.596371590647614;3;-1;076_gbr_Torness_2009.jpg36978288;45;43
9;2;80.34090368690687;3;-1;072_gbr_Heysham_2018.jpg201846667;36;32
9;2;96.5623632685116;3;-1;072_gbr_Heysham_2018.jpg201846667;40;34
9;2;44.43877300509431;3;-1;070_gbr_Hartlepool_2020.jpg35481516;24;25
9;2;78.81370439206624;3;-1;058_gbr_Dungeness_2019.jpg97701847;13;9
9;2;45.70831434214131;3;-1;058_gbr_Dungeness_2019.jpg97701847;17;12
9;2;37.031324916929606;3;-1;058_gbr_Dungeness_2019.jpg97701847;18;12
9;2;19.274983175600955;3;-1;004_arg_Embalse_2021.jpg16904073;6;1
13;2;141.09078637529808;3;-1;647_zaf_Koeberg_2021.jpg36619852;541;538
13;2;158.6543727730188;3;-1;550_fra_Gravelines_2007.jpg89519117;465;462
13;2;136.00928141426598;3;-1;550_fra_Gravelines_2007.jpg89519117;465;463
13;2;512.7872268299982;3;-1;170_can_Gentilly_2017.jpg17587488;155;153
13;2;392.2935762920418;3;-1;170_can_Gentilly_2017.jpg17587488;155;154
13;2;772.5389634186745;3;-1;058_gbr_Dungeness_2019.jpg97701847;7;9
13;2;1118.9696792484579;3;-1;058_gbr_Dungeness_2019.jpg97701847;7;12
